,conversation_id,message,sentiment,history
0,1,Are you a fan of Google or Microsoft?,Curious to dive deeper,['Are you a fan of Google or Microsoft?']
1,1,Both are excellent technology they are helpful in many ways. For the security purpose both are super.,Curious to dive deeper,"['Are you a fan of Google or Microsoft?', 'Both are excellent technology they are helpful in many ways. For the security purpose both are super.']"
2,1," I'm not  a huge fan of Google, but I use it a lot because I have to. I think they are a monopoly in some sense. ",Curious to dive deeper,"['Are you a fan of Google or Microsoft?', 'Both are excellent technology they are helpful in many ways. For the security purpose both are super.', "" I'm not  a huge fan of Google, but I use it a lot because I have to. I think they are a monopoly in some sense. ""]"
3,1," Google provides online related services and products, which includes online ads, search engine and cloud computing.",Curious to dive deeper,"['Are you a fan of Google or Microsoft?', 'Both are excellent technology they are helpful in many ways. For the security purpose both are super.', "" I'm not  a huge fan of Google, but I use it a lot because I have to. I think they are a monopoly in some sense. "", ' Google provides online related services and products, which includes online ads, search engine and cloud computing.']"
4,1," Yeah, their services are good. I'm just not a fan of intrusive they can be on our personal lives. ",Curious to dive deeper,"['Are you a fan of Google or Microsoft?', 'Both are excellent technology they are helpful in many ways. For the security purpose both are super.', "" I'm not  a huge fan of Google, but I use it a lot because I have to. I think they are a monopoly in some sense. "", ' Google provides online related services and products, which includes online ads, search engine and cloud computing.', "" Yeah, their services are good. I'm just not a fan of intrusive they can be on our personal lives. ""]"
5,1,Google is leading the alphabet subsidiary and will continue to be the Umbrella company for Alphabet internet interest.,Curious to dive deeper,"['Are you a fan of Google or Microsoft?', 'Both are excellent technology they are helpful in many ways. For the security purpose both are super.', "" I'm not  a huge fan of Google, but I use it a lot because I have to. I think they are a monopoly in some sense. "", ' Google provides online related services and products, which includes online ads, search engine and cloud computing.', "" Yeah, their services are good. I'm just not a fan of intrusive they can be on our personal lives. "", 'Google is leading the alphabet subsidiary and will continue to be the Umbrella company for Alphabet internet interest.']"
6,1,Did you know Google had hundreds of live goats to cut the grass in the past?,Curious to dive deeper,"['Are you a fan of Google or Microsoft?', 'Both are excellent technology they are helpful in many ways. For the security purpose both are super.', "" I'm not  a huge fan of Google, but I use it a lot because I have to. I think they are a monopoly in some sense. "", ' Google provides online related services and products, which includes online ads, search engine and cloud computing.', "" Yeah, their services are good. I'm just not a fan of intrusive they can be on our personal lives. "", 'Google is leading the alphabet subsidiary and will continue to be the Umbrella company for Alphabet internet interest.', 'Did you know Google had hundreds of live goats to cut the grass in the past?']"
7,1," It is very interesting. Google provide ""Chrome OS"" which is a light weight OS. Google provided a lot of hardware mainly in 2010 to 2015. ",Curious to dive deeper,"['Are you a fan of Google or Microsoft?', 'Both are excellent technology they are helpful in many ways. For the security purpose both are super.', "" I'm not  a huge fan of Google, but I use it a lot because I have to. I think they are a monopoly in some sense. "", ' Google provides online related services and products, which includes online ads, search engine and cloud computing.', "" Yeah, their services are good. I'm just not a fan of intrusive they can be on our personal lives. "", 'Google is leading the alphabet subsidiary and will continue to be the Umbrella company for Alphabet internet interest.', 'Did you know Google had hundreds of live goats to cut the grass in the past?', ' It is very interesting. Google provide ""Chrome OS"" which is a light weight OS. Google provided a lot of hardware mainly in 2010 to 2015. ']"
8,1,I like Google Chrome. Do you use it as well for your browser?,Curious to dive deeper,"['Are you a fan of Google or Microsoft?', 'Both are excellent technology they are helpful in many ways. For the security purpose both are super.', "" I'm not  a huge fan of Google, but I use it a lot because I have to. I think they are a monopoly in some sense. "", ' Google provides online related services and products, which includes online ads, search engine and cloud computing.', "" Yeah, their services are good. I'm just not a fan of intrusive they can be on our personal lives. "", 'Google is leading the alphabet subsidiary and will continue to be the Umbrella company for Alphabet internet interest.', 'Did you know Google had hundreds of live goats to cut the grass in the past?', ' It is very interesting. Google provide ""Chrome OS"" which is a light weight OS. Google provided a lot of hardware mainly in 2010 to 2015. ', 'I like Google Chrome. Do you use it as well for your browser?']"
9,1," Yes.Google is the biggest search engine and Google service figure out top 100 website, including Youtube and Blogger.",Curious to dive deeper,"['Are you a fan of Google or Microsoft?', 'Both are excellent technology they are helpful in many ways. For the security purpose both are super.', "" I'm not  a huge fan of Google, but I use it a lot because I have to. I think they are a monopoly in some sense. "", ' Google provides online related services and products, which includes online ads, search engine and cloud computing.', "" Yeah, their services are good. I'm just not a fan of intrusive they can be on our personal lives. "", 'Google is leading the alphabet subsidiary and will continue to be the Umbrella company for Alphabet internet interest.', 'Did you know Google had hundreds of live goats to cut the grass in the past?', ' It is very interesting. Google provide ""Chrome OS"" which is a light weight OS. Google provided a lot of hardware mainly in 2010 to 2015. ', 'I like Google Chrome. Do you use it as well for your browser?', ' Yes.Google is the biggest search engine and Google service figure out top 100 website, including Youtube and Blogger.']"
10,1," By the way, do you like Fish? ",Curious to dive deeper,"['Are you a fan of Google or Microsoft?', 'Both are excellent technology they are helpful in many ways. For the security purpose both are super.', "" I'm not  a huge fan of Google, but I use it a lot because I have to. I think they are a monopoly in some sense. "", ' Google provides online related services and products, which includes online ads, search engine and cloud computing.', "" Yeah, their services are good. I'm just not a fan of intrusive they can be on our personal lives. "", 'Google is leading the alphabet subsidiary and will continue to be the Umbrella company for Alphabet internet interest.', 'Did you know Google had hundreds of live goats to cut the grass in the past?', ' It is very interesting. Google provide ""Chrome OS"" which is a light weight OS. Google provided a lot of hardware mainly in 2010 to 2015. ', 'I like Google Chrome. Do you use it as well for your browser?', ' Yes.Google is the biggest search engine and Google service figure out top 100 website, including Youtube and Blogger.', ' By the way, do you like Fish? ']"
11,1,Yes. They form a sister group of tourniquets- they make the sea water clean and remove the dust from it. Fish is the biggest part in the eco-system.,Curious to dive deeper,"['Are you a fan of Google or Microsoft?', 'Both are excellent technology they are helpful in many ways. For the security purpose both are super.', "" I'm not  a huge fan of Google, but I use it a lot because I have to. I think they are a monopoly in some sense. "", ' Google provides online related services and products, which includes online ads, search engine and cloud computing.', "" Yeah, their services are good. I'm just not a fan of intrusive they can be on our personal lives. "", 'Google is leading the alphabet subsidiary and will continue to be the Umbrella company for Alphabet internet interest.', 'Did you know Google had hundreds of live goats to cut the grass in the past?', ' It is very interesting. Google provide ""Chrome OS"" which is a light weight OS. Google provided a lot of hardware mainly in 2010 to 2015. ', 'I like Google Chrome. Do you use it as well for your browser?', ' Yes.Google is the biggest search engine and Google service figure out top 100 website, including Youtube and Blogger.', ' By the way, do you like Fish? ', 'Yes. They form a sister group of tourniquets- they make the sea water clean and remove the dust from it. Fish is the biggest part in the eco-system.']"
12,1,Did you know that a seahorse is the only fish to have a neck?,Curious to dive deeper,"['Are you a fan of Google or Microsoft?', 'Both are excellent technology they are helpful in many ways. For the security purpose both are super.', "" I'm not  a huge fan of Google, but I use it a lot because I have to. I think they are a monopoly in some sense. "", ' Google provides online related services and products, which includes online ads, search engine and cloud computing.', "" Yeah, their services are good. I'm just not a fan of intrusive they can be on our personal lives. "", 'Google is leading the alphabet subsidiary and will continue to be the Umbrella company for Alphabet internet interest.', 'Did you know Google had hundreds of live goats to cut the grass in the past?', ' It is very interesting. Google provide ""Chrome OS"" which is a light weight OS. Google provided a lot of hardware mainly in 2010 to 2015. ', 'I like Google Chrome. Do you use it as well for your browser?', ' Yes.Google is the biggest search engine and Google service figure out top 100 website, including Youtube and Blogger.', ' By the way, do you like Fish? ', 'Yes. They form a sister group of tourniquets- they make the sea water clean and remove the dust from it. Fish is the biggest part in the eco-system.', 'Did you know that a seahorse is the only fish to have a neck?']"
13,1," Freshwater fish only drink water through the skin via Osmosis, Saltwater fish drink water through the mouth. Dolphins are friendly to human beings.",Happy,"['Are you a fan of Google or Microsoft?', 'Both are excellent technology they are helpful in many ways. For the security purpose both are super.', "" I'm not  a huge fan of Google, but I use it a lot because I have to. I think they are a monopoly in some sense. "", ' Google provides online related services and products, which includes online ads, search engine and cloud computing.', "" Yeah, their services are good. I'm just not a fan of intrusive they can be on our personal lives. "", 'Google is leading the alphabet subsidiary and will continue to be the Umbrella company for Alphabet internet interest.', 'Did you know Google had hundreds of live goats to cut the grass in the past?', ' It is very interesting. Google provide ""Chrome OS"" which is a light weight OS. Google provided a lot of hardware mainly in 2010 to 2015. ', 'I like Google Chrome. Do you use it as well for your browser?', ' Yes.Google is the biggest search engine and Google service figure out top 100 website, including Youtube and Blogger.', ' By the way, do you like Fish? ', 'Yes. They form a sister group of tourniquets- they make the sea water clean and remove the dust from it. Fish is the biggest part in the eco-system.', 'Did you know that a seahorse is the only fish to have a neck?', ' Freshwater fish only drink water through the skin via Osmosis, Saltwater fish drink water through the mouth. Dolphins are friendly to human beings.']"
14,1," Interesting, they also have gills. Did you know that jellyfish are immortal? ",Curious to dive deeper,"['Are you a fan of Google or Microsoft?', 'Both are excellent technology they are helpful in many ways. For the security purpose both are super.', "" I'm not  a huge fan of Google, but I use it a lot because I have to. I think they are a monopoly in some sense. "", ' Google provides online related services and products, which includes online ads, search engine and cloud computing.', "" Yeah, their services are good. I'm just not a fan of intrusive they can be on our personal lives. "", 'Google is leading the alphabet subsidiary and will continue to be the Umbrella company for Alphabet internet interest.', 'Did you know Google had hundreds of live goats to cut the grass in the past?', ' It is very interesting. Google provide ""Chrome OS"" which is a light weight OS. Google provided a lot of hardware mainly in 2010 to 2015. ', 'I like Google Chrome. Do you use it as well for your browser?', ' Yes.Google is the biggest search engine and Google service figure out top 100 website, including Youtube and Blogger.', ' By the way, do you like Fish? ', 'Yes. They form a sister group of tourniquets- they make the sea water clean and remove the dust from it. Fish is the biggest part in the eco-system.', 'Did you know that a seahorse is the only fish to have a neck?', ' Freshwater fish only drink water through the skin via Osmosis, Saltwater fish drink water through the mouth. Dolphins are friendly to human beings.', ' Interesting, they also have gills. Did you know that jellyfish are immortal? ']"
15,1,Yes. Fish is the important resources of human world wide for the commercial and subsistence fish hunts the fish in the wild fisheries.,Curious to dive deeper,"['Are you a fan of Google or Microsoft?', 'Both are excellent technology they are helpful in many ways. For the security purpose both are super.', "" I'm not  a huge fan of Google, but I use it a lot because I have to. I think they are a monopoly in some sense. "", ' Google provides online related services and products, which includes online ads, search engine and cloud computing.', "" Yeah, their services are good. I'm just not a fan of intrusive they can be on our personal lives. "", 'Google is leading the alphabet subsidiary and will continue to be the Umbrella company for Alphabet internet interest.', 'Did you know Google had hundreds of live goats to cut the grass in the past?', ' It is very interesting. Google provide ""Chrome OS"" which is a light weight OS. Google provided a lot of hardware mainly in 2010 to 2015. ', 'I like Google Chrome. Do you use it as well for your browser?', ' Yes.Google is the biggest search engine and Google service figure out top 100 website, including Youtube and Blogger.', ' By the way, do you like Fish? ', 'Yes. They form a sister group of tourniquets- they make the sea water clean and remove the dust from it. Fish is the biggest part in the eco-system.', 'Did you know that a seahorse is the only fish to have a neck?', ' Freshwater fish only drink water through the skin via Osmosis, Saltwater fish drink water through the mouth. Dolphins are friendly to human beings.', ' Interesting, they also have gills. Did you know that jellyfish are immortal? ', 'Yes. Fish is the important resources of human world wide for the commercial and subsistence fish hunts the fish in the wild fisheries.']"
16,1," What about cats, do you like cats? I'm a dog fan myself. ",Curious to dive deeper,"['Are you a fan of Google or Microsoft?', 'Both are excellent technology they are helpful in many ways. For the security purpose both are super.', "" I'm not  a huge fan of Google, but I use it a lot because I have to. I think they are a monopoly in some sense. "", ' Google provides online related services and products, which includes online ads, search engine and cloud computing.', "" Yeah, their services are good. I'm just not a fan of intrusive they can be on our personal lives. "", 'Google is leading the alphabet subsidiary and will continue to be the Umbrella company for Alphabet internet interest.', 'Did you know Google had hundreds of live goats to cut the grass in the past?', ' It is very interesting. Google provide ""Chrome OS"" which is a light weight OS. Google provided a lot of hardware mainly in 2010 to 2015. ', 'I like Google Chrome. Do you use it as well for your browser?', ' Yes.Google is the biggest search engine and Google service figure out top 100 website, including Youtube and Blogger.', ' By the way, do you like Fish? ', 'Yes. They form a sister group of tourniquets- they make the sea water clean and remove the dust from it. Fish is the biggest part in the eco-system.', 'Did you know that a seahorse is the only fish to have a neck?', ' Freshwater fish only drink water through the skin via Osmosis, Saltwater fish drink water through the mouth. Dolphins are friendly to human beings.', ' Interesting, they also have gills. Did you know that jellyfish are immortal? ', 'Yes. Fish is the important resources of human world wide for the commercial and subsistence fish hunts the fish in the wild fisheries.', "" What about cats, do you like cats? I'm a dog fan myself. ""]"
17,1,The cat is referred as domestic cat and wild cat. They make our world very clean from rats!,Curious to dive deeper,"['Are you a fan of Google or Microsoft?', 'Both are excellent technology they are helpful in many ways. For the security purpose both are super.', "" I'm not  a huge fan of Google, but I use it a lot because I have to. I think they are a monopoly in some sense. "", ' Google provides online related services and products, which includes online ads, search engine and cloud computing.', "" Yeah, their services are good. I'm just not a fan of intrusive they can be on our personal lives. "", 'Google is leading the alphabet subsidiary and will continue to be the Umbrella company for Alphabet internet interest.', 'Did you know Google had hundreds of live goats to cut the grass in the past?', ' It is very interesting. Google provide ""Chrome OS"" which is a light weight OS. Google provided a lot of hardware mainly in 2010 to 2015. ', 'I like Google Chrome. Do you use it as well for your browser?', ' Yes.Google is the biggest search engine and Google service figure out top 100 website, including Youtube and Blogger.', ' By the way, do you like Fish? ', 'Yes. They form a sister group of tourniquets- they make the sea water clean and remove the dust from it. Fish is the biggest part in the eco-system.', 'Did you know that a seahorse is the only fish to have a neck?', ' Freshwater fish only drink water through the skin via Osmosis, Saltwater fish drink water through the mouth. Dolphins are friendly to human beings.', ' Interesting, they also have gills. Did you know that jellyfish are immortal? ', 'Yes. Fish is the important resources of human world wide for the commercial and subsistence fish hunts the fish in the wild fisheries.', "" What about cats, do you like cats? I'm a dog fan myself. "", 'The cat is referred as domestic cat and wild cat. They make our world very clean from rats!']"
18,1," Yeah, cats can be cool, but they sure do spend a lot of their time sleeping. ",Curious to dive deeper,"['Are you a fan of Google or Microsoft?', 'Both are excellent technology they are helpful in many ways. For the security purpose both are super.', "" I'm not  a huge fan of Google, but I use it a lot because I have to. I think they are a monopoly in some sense. "", ' Google provides online related services and products, which includes online ads, search engine and cloud computing.', "" Yeah, their services are good. I'm just not a fan of intrusive they can be on our personal lives. "", 'Google is leading the alphabet subsidiary and will continue to be the Umbrella company for Alphabet internet interest.', 'Did you know Google had hundreds of live goats to cut the grass in the past?', ' It is very interesting. Google provide ""Chrome OS"" which is a light weight OS. Google provided a lot of hardware mainly in 2010 to 2015. ', 'I like Google Chrome. Do you use it as well for your browser?', ' Yes.Google is the biggest search engine and Google service figure out top 100 website, including Youtube and Blogger.', ' By the way, do you like Fish? ', 'Yes. They form a sister group of tourniquets- they make the sea water clean and remove the dust from it. Fish is the biggest part in the eco-system.', 'Did you know that a seahorse is the only fish to have a neck?', ' Freshwater fish only drink water through the skin via Osmosis, Saltwater fish drink water through the mouth. Dolphins are friendly to human beings.', ' Interesting, they also have gills. Did you know that jellyfish are immortal? ', 'Yes. Fish is the important resources of human world wide for the commercial and subsistence fish hunts the fish in the wild fisheries.', "" What about cats, do you like cats? I'm a dog fan myself. "", 'The cat is referred as domestic cat and wild cat. They make our world very clean from rats!', ' Yeah, cats can be cool, but they sure do spend a lot of their time sleeping. ']"
19,1,Cats hear the sounds too faint or too high frequency human ears can hear.,Curious to dive deeper,"['Are you a fan of Google or Microsoft?', 'Both are excellent technology they are helpful in many ways. For the security purpose both are super.', "" I'm not  a huge fan of Google, but I use it a lot because I have to. I think they are a monopoly in some sense. "", ' Google provides online related services and products, which includes online ads, search engine and cloud computing.', "" Yeah, their services are good. I'm just not a fan of intrusive they can be on our personal lives. "", 'Google is leading the alphabet subsidiary and will continue to be the Umbrella company for Alphabet internet interest.', 'Did you know Google had hundreds of live goats to cut the grass in the past?', ' It is very interesting. Google provide ""Chrome OS"" which is a light weight OS. Google provided a lot of hardware mainly in 2010 to 2015. ', 'I like Google Chrome. Do you use it as well for your browser?', ' Yes.Google is the biggest search engine and Google service figure out top 100 website, including Youtube and Blogger.', ' By the way, do you like Fish? ', 'Yes. They form a sister group of tourniquets- they make the sea water clean and remove the dust from it. Fish is the biggest part in the eco-system.', 'Did you know that a seahorse is the only fish to have a neck?', ' Freshwater fish only drink water through the skin via Osmosis, Saltwater fish drink water through the mouth. Dolphins are friendly to human beings.', ' Interesting, they also have gills. Did you know that jellyfish are immortal? ', 'Yes. Fish is the important resources of human world wide for the commercial and subsistence fish hunts the fish in the wild fisheries.', "" What about cats, do you like cats? I'm a dog fan myself. "", 'The cat is referred as domestic cat and wild cat. They make our world very clean from rats!', ' Yeah, cats can be cool, but they sure do spend a lot of their time sleeping. ', 'Cats hear the sounds too faint or too high frequency human ears can hear.']"
20,1," I heard that too. Well, it was nice chatting with you. Have a good day. ",Curious to dive deeper,"['Are you a fan of Google or Microsoft?', 'Both are excellent technology they are helpful in many ways. For the security purpose both are super.', "" I'm not  a huge fan of Google, but I use it a lot because I have to. I think they are a monopoly in some sense. "", ' Google provides online related services and products, which includes online ads, search engine and cloud computing.', "" Yeah, their services are good. I'm just not a fan of intrusive they can be on our personal lives. "", 'Google is leading the alphabet subsidiary and will continue to be the Umbrella company for Alphabet internet interest.', 'Did you know Google had hundreds of live goats to cut the grass in the past?', ' It is very interesting. Google provide ""Chrome OS"" which is a light weight OS. Google provided a lot of hardware mainly in 2010 to 2015. ', 'I like Google Chrome. Do you use it as well for your browser?', ' Yes.Google is the biggest search engine and Google service figure out top 100 website, including Youtube and Blogger.', ' By the way, do you like Fish? ', 'Yes. They form a sister group of tourniquets- they make the sea water clean and remove the dust from it. Fish is the biggest part in the eco-system.', 'Did you know that a seahorse is the only fish to have a neck?', ' Freshwater fish only drink water through the skin via Osmosis, Saltwater fish drink water through the mouth. Dolphins are friendly to human beings.', ' Interesting, they also have gills. Did you know that jellyfish are immortal? ', 'Yes. Fish is the important resources of human world wide for the commercial and subsistence fish hunts the fish in the wild fisheries.', "" What about cats, do you like cats? I'm a dog fan myself. "", 'The cat is referred as domestic cat and wild cat. They make our world very clean from rats!', ' Yeah, cats can be cool, but they sure do spend a lot of their time sleeping. ', 'Cats hear the sounds too faint or too high frequency human ears can hear.', ' I heard that too. Well, it was nice chatting with you. Have a good day. ']"
